{"cameraMode":{"drawMode":0,"name":"Shaded","section":"Shading Mode"},"sceneLighting":true,"audioPlay":false,"sceneViewState":{"showFog":true,"showMaterialUpdate":false,"showSkybox":true,"showFlares":true,"showImageEffects":true,"showParticleSystems":true},"in2DMode":false,"pivot":{"x":345.4167785644531,"y":93.08033752441406,"z":-33.956268310546878},"rotation":{"x":0.16713587939739228,"y":-0.029573166742920877,"z":0.00501562375575304,"w":0.9854775667190552},"size":396.1065979003906,"orthographic":false}