{"cameraMode":{"drawMode":0,"name":"Shaded","section":"Shading Mode"},"sceneLighting":false,"audioPlay":false,"sceneViewState":{"showFog":true,"showMaterialUpdate":false,"showSkybox":false,"showFlares":true,"showImageEffects":true,"showParticleSystems":true},"in2DMode":false,"pivot":{"x":-24.624345779418947,"y":-14.097919464111329,"z":-5.48040771484375},"rotation":{"x":0.1330316811800003,"y":-0.03270048275589943,"z":0.004391686525195837,"w":0.9905629754066467},"size":401.3137512207031,"orthographic":false}