{"cameraMode":{"drawMode":0,"name":"Shaded","section":"Shading Mode"},"sceneLighting":false,"audioPlay":false,"sceneViewState":{"showFog":true,"showMaterialUpdate":false,"showSkybox":false,"showFlares":true,"showImageEffects":true,"showParticleSystems":true},"in2DMode":false,"pivot":{"x":0.26790234446525576,"y":4.571444034576416,"z":-0.021411895751953126},"rotation":{"x":0.0075000193901360039,"y":-9.62288311256998e-8,"z":-1.050340046049314e-7,"w":0.9999731779098511},"size":36.957420349121097,"orthographic":false}