{"cameraMode":{"drawMode":0,"name":"Shaded","section":"Shading Mode"},"sceneLighting":false,"audioPlay":false,"sceneViewState":{"showFog":true,"showMaterialUpdate":false,"showSkybox":false,"showFlares":true,"showImageEffects":true,"showParticleSystems":true},"in2DMode":false,"pivot":{"x":-221.40455627441407,"y":-39.50435256958008,"z":-25.449966430664064},"rotation":{"x":0.1330316811800003,"y":-0.03270048275589943,"z":0.004391686525195837,"w":0.9905629754066467},"size":106.06710815429688,"orthographic":false}