{"cameraMode":{"drawMode":0,"name":"Shaded","section":"Shading Mode"},"sceneLighting":false,"audioPlay":false,"sceneViewState":{"showFog":true,"showMaterialUpdate":false,"showSkybox":false,"showFlares":true,"showImageEffects":true,"showParticleSystems":true},"in2DMode":false,"pivot":{"x":26.247127532958986,"y":-57.115577697753909,"z":51.11503601074219},"rotation":{"x":0.21856430172920228,"y":-0.03658366575837135,"z":0.008199955336749554,"w":0.9751041531562805},"size":11.179593086242676,"orthographic":false}