{"cameraMode":{"drawMode":0,"name":"Shaded","section":"Shading Mode"},"sceneLighting":true,"audioPlay":false,"sceneViewState":{"showFog":true,"showMaterialUpdate":false,"showSkybox":true,"showFlares":true,"showImageEffects":true,"showParticleSystems":true},"in2DMode":false,"pivot":{"x":0.7269847393035889,"y":2.120004653930664,"z":8.26926326751709},"rotation":{"x":-0.19639408588409425,"y":0.055584169924259189,"z":-0.011154880747199059,"w":-0.9788894057273865},"size":18.536270141601564,"orthographic":false}