{"cameraMode":{"drawMode":0,"name":"Shaded","section":"Shading Mode"},"sceneLighting":true,"audioPlay":false,"sceneViewState":{"showFog":true,"showMaterialUpdate":false,"showSkybox":true,"showFlares":true,"showImageEffects":true,"showParticleSystems":true},"in2DMode":false,"pivot":{"x":418.56982421875,"y":50.749168395996097,"z":-60.376869201660159},"rotation":{"x":-0.0672355517745018,"y":-0.07951197773218155,"z":0.005370520520955324,"w":-0.99455326795578},"size":13.588760375976563,"orthographic":false}