{"cameraMode":{"drawMode":0,"name":"Shaded","section":"Shading Mode"},"sceneLighting":true,"audioPlay":false,"sceneViewState":{"showFog":true,"showMaterialUpdate":false,"showSkybox":true,"showFlares":true,"showImageEffects":true,"showParticleSystems":true},"in2DMode":false,"pivot":{"x":23.796554565429689,"y":66.28549194335938,"z":-19.35198974609375},"rotation":{"x":-0.0689387172460556,"y":-0.014058652333915234,"z":0.0009725381387397647,"w":-0.9975228905677795},"size":525.4844970703125,"orthographic":false}