{"cameraMode":{"drawMode":0,"name":"Shaded","section":"Shading Mode"},"sceneLighting":true,"audioPlay":false,"sceneViewState":{"showFog":true,"showMaterialUpdate":false,"showSkybox":true,"showFlares":true,"showImageEffects":true,"showParticleSystems":true},"in2DMode":false,"pivot":{"x":217.22723388671876,"y":251.6143798828125,"z":21.209686279296876},"rotation":{"x":-0.0672355517745018,"y":-0.07951197773218155,"z":0.005370520520955324,"w":-0.99455326795578},"size":199.2535400390625,"orthographic":false}