{"cameraMode":{"drawMode":0,"name":"Shaded","section":"Shading Mode"},"sceneLighting":false,"audioPlay":false,"sceneViewState":{"showFog":true,"showMaterialUpdate":false,"showSkybox":false,"showFlares":true,"showImageEffects":true,"showParticleSystems":true},"in2DMode":false,"pivot":{"x":246.37013244628907,"y":144.96597290039063,"z":273.6739807128906},"rotation":{"x":0.0075000193901360039,"y":-9.62288311256998e-8,"z":-1.050340046049314e-7,"w":0.9999731779098511},"size":91.79564666748047,"orthographic":false}