{"cameraMode":{"drawMode":0,"name":"Shaded","section":"Shading Mode"},"sceneLighting":true,"audioPlay":false,"sceneViewState":{"showFog":true,"showMaterialUpdate":false,"showSkybox":true,"showFlares":true,"showImageEffects":true,"showParticleSystems":true},"in2DMode":false,"pivot":{"x":50.79759979248047,"y":96.14407348632813,"z":-111.101318359375},"rotation":{"x":0.23186908662319184,"y":0.0029183353763073684,"z":-0.0006955725839361548,"w":0.972743034362793},"size":519.1761474609375,"orthographic":false}