{"cameraMode":{"drawMode":0,"name":"Shaded","section":"Shading Mode"},"sceneLighting":false,"audioPlay":false,"sceneViewState":{"showFog":true,"showMaterialUpdate":false,"showSkybox":false,"showFlares":true,"showImageEffects":true,"showParticleSystems":true},"in2DMode":false,"pivot":{"x":297.031494140625,"y":261.0480041503906,"z":0.0},"rotation":{"x":-0.0689387172460556,"y":-0.014058652333915234,"z":0.0009725381387397647,"w":-0.9975228905677795},"size":687.4489135742188,"orthographic":false}