{"cameraMode":{"drawMode":0,"name":"Shaded","section":"Shading Mode"},"sceneLighting":true,"audioPlay":false,"sceneViewState":{"showFog":true,"showMaterialUpdate":false,"showSkybox":true,"showFlares":true,"showImageEffects":true,"showParticleSystems":true},"in2DMode":false,"pivot":{"x":289.01861572265627,"y":12.707962036132813,"z":45.5701904296875},"rotation":{"x":-0.19639408588409425,"y":0.055584169924259189,"z":-0.011154880747199059,"w":-0.9788894057273865},"size":626.6997680664063,"orthographic":false}