{"cameraMode":{"drawMode":0,"name":"Shaded","section":"Shading Mode"},"sceneLighting":true,"audioPlay":false,"sceneViewState":{"showFog":true,"showMaterialUpdate":false,"showSkybox":true,"showFlares":true,"showImageEffects":true,"showParticleSystems":true},"in2DMode":false,"pivot":{"x":107.59564971923828,"y":153.0526123046875,"z":-11.396242141723633},"rotation":{"x":-0.0689387172460556,"y":-0.014058652333915234,"z":0.0009725381387397647,"w":-0.9975228905677795},"size":71.98828125,"orthographic":false}