{"cameraMode":{"drawMode":0,"name":"Shaded","section":"Shading Mode"},"sceneLighting":true,"audioPlay":false,"sceneViewState":{"showFog":true,"showMaterialUpdate":false,"showSkybox":true,"showFlares":true,"showImageEffects":true,"showParticleSystems":true},"in2DMode":false,"pivot":{"x":6.122692108154297,"y":244.8112335205078,"z":54.24627685546875},"rotation":{"x":-0.0672355517745018,"y":-0.07951197773218155,"z":0.005370520520955324,"w":-0.99455326795578},"size":281.6456604003906,"orthographic":false}