{"cameraMode":{"drawMode":0,"name":"Shaded","section":"Shading Mode"},"sceneLighting":false,"audioPlay":false,"sceneViewState":{"showFog":true,"showMaterialUpdate":false,"showSkybox":false,"showFlares":true,"showImageEffects":true,"showParticleSystems":true},"in2DMode":false,"pivot":{"x":5.2018208503723148,"y":3.018681526184082,"z":-3.5633859634399416},"rotation":{"x":0.3934814929962158,"y":0.20676714181900025,"z":-0.09129658341407776,"w":0.8911219239234924},"size":2.3334522247314455,"orthographic":false}