{"cameraMode":{"drawMode":0,"name":"Shaded","section":"Shading Mode"},"sceneLighting":false,"audioPlay":false,"sceneViewState":{"showFog":true,"showMaterialUpdate":false,"showSkybox":false,"showFlares":true,"showImageEffects":true,"showParticleSystems":true},"in2DMode":false,"pivot":{"x":1.1978895664215088,"y":1.6215596199035645,"z":-5.147472381591797},"rotation":{"x":-0.39624106884002688,"y":0.3725302815437317,"z":-0.18009446561336518,"w":-0.8196321129798889},"size":2.8578836917877199,"orthographic":false}